config,rule,family,n_runs,n_judged,stop_before_horizon_rate,premature_stop_rate,premature_stop_rate_strict,premature_given_early_stop,mean_unresolved_at_stop,mean_not_genuinely_resolved_at_stop,fabricated_flaws_at_stop,new_fabrications_at_stop,mean_cycles,mean_panels,mean_tokens
sol-medium,default_any_of_3,primary,12,12,0.9166666666666666,0.08333333333333333,0.08333333333333333,0.09090909090909091,0.08333333333333333,0.08333333333333333,0,9,3.1666666666666665,4.166666666666667,319630.25
sol-medium,grade_stable_only,primary,12,12,0.9166666666666666,0.08333333333333333,0.08333333333333333,0.09090909090909091,0.08333333333333333,0.08333333333333333,0,9,3.1666666666666665,4.166666666666667,319630.25
sol-medium,no_critical_high_only,primary,12,12,0.0,0.0,0.0,,0.08333333333333333,0.08333333333333333,0,6,5.0,6.0,513787.9166666667
sol-medium,output_similar_only,primary,12,12,0.0,0.0,0.0,,0.08333333333333333,0.08333333333333333,0,6,5.0,6.0,513787.9166666667
sol-medium,all_of_3,primary,12,12,0.0,0.0,0.0,,0.08333333333333333,0.08333333333333333,0,6,5.0,6.0,513787.9166666667
sol-medium,noCH_and_(grade_stable_or_similar),primary,12,12,0.0,0.0,0.0,,0.08333333333333333,0.08333333333333333,0,6,5.0,6.0,513787.9166666667
sol-medium,noCH_and_(grade_stable_or_similar)+gate,primary,12,12,0.0,0.0,0.0,,0.08333333333333333,0.08333333333333333,0,6,5.0,6.0,513787.9166666667
sol-medium,fixed_k1,fixed,12,12,1.0,0.16666666666666666,0.16666666666666666,0.16666666666666666,0.16666666666666666,0.16666666666666666,0,0,1.0,1.0,65113.583333333336
sol-medium,fixed_k2,fixed,12,12,1.0,0.16666666666666666,0.16666666666666666,0.16666666666666666,0.16666666666666666,0.16666666666666666,0,2,2.0,2.0,145631.83333333334
sol-medium,fixed_k3,fixed,12,12,1.0,0.08333333333333333,0.08333333333333333,0.08333333333333333,0.08333333333333333,0.08333333333333333,0,9,3.0,3.0,237322.08333333334
sol-medium,fixed_k4,fixed,12,12,1.0,0.08333333333333333,0.08333333333333333,0.08333333333333333,0.08333333333333333,0.08333333333333333,0,11,4.0,4.0,336462.75
sol-medium,fixed_k5,fixed,12,12,0.0,0.0,0.0,,0.08333333333333333,0.08333333333333333,0,6,5.0,5.0,441541.75
sol-medium,default_any_of_3@window2,sensitivity,12,12,1.0,0.16666666666666666,0.16666666666666666,0.16666666666666666,0.16666666666666666,0.16666666666666666,0,2,2.1666666666666665,3.1666666666666665,222844.25
sol-medium,grade_stable_only@window2,sensitivity,12,12,1.0,0.16666666666666666,0.16666666666666666,0.16666666666666666,0.16666666666666666,0.16666666666666666,0,2,2.1666666666666665,3.1666666666666665,222844.25
sol-medium,no_critical_high_only@window2,sensitivity,12,12,0.0,0.0,0.0,,0.08333333333333333,0.08333333333333333,0,6,5.0,6.0,513787.9166666667
sol-medium,output_similar_only@window2,sensitivity,12,12,0.0,0.0,0.0,,0.08333333333333333,0.08333333333333333,0,6,5.0,6.0,513787.9166666667
sol-medium,all_of_3@window2,sensitivity,12,12,0.0,0.0,0.0,,0.08333333333333333,0.08333333333333333,0,6,5.0,6.0,513787.9166666667
sol-medium,noCH_and_(grade_stable_or_similar)@window2,sensitivity,12,12,0.0,0.0,0.0,,0.08333333333333333,0.08333333333333333,0,6,5.0,6.0,513787.9166666667
sol-medium,noCH_and_(grade_stable_or_similar)+gate@window2,sensitivity,12,12,0.0,0.0,0.0,,0.08333333333333333,0.08333333333333333,0,6,5.0,6.0,513787.9166666667
sol-medium,output_similar_only@sim0.8,sensitivity,12,12,0.0,0.0,0.0,,0.08333333333333333,0.08333333333333333,0,6,5.0,6.0,513787.9166666667
sol-medium,output_similar_only@sim0.95,sensitivity,12,12,0.0,0.0,0.0,,0.08333333333333333,0.08333333333333333,0,6,5.0,6.0,513787.9166666667
luna-low,default_any_of_3,primary,12,12,1.0,0.16666666666666666,0.16666666666666666,0.16666666666666666,0.16666666666666666,0.16666666666666666,0,2,2.9166666666666665,3.9166666666666665,220694.25
luna-low,grade_stable_only,primary,12,12,1.0,0.16666666666666666,0.16666666666666666,0.16666666666666666,0.16666666666666666,0.16666666666666666,0,2,2.9166666666666665,3.9166666666666665,220694.25
luna-low,no_critical_high_only,primary,12,12,0.0,0.0,0.0,,0.0,0.0,0,2,5.0,6.0,359992.1666666667
luna-low,output_similar_only,primary,12,12,0.0,0.0,0.0,,0.0,0.0,0,2,5.0,6.0,359992.1666666667
luna-low,all_of_3,primary,12,12,0.0,0.0,0.0,,0.0,0.0,0,2,5.0,6.0,359992.1666666667
luna-low,noCH_and_(grade_stable_or_similar),primary,12,12,0.0,0.0,0.0,,0.0,0.0,0,2,5.0,6.0,359992.1666666667
luna-low,noCH_and_(grade_stable_or_similar)+gate,primary,12,12,0.0,0.0,0.0,,0.0,0.0,0,2,5.0,6.0,359992.1666666667
luna-low,fixed_k1,fixed,12,12,1.0,0.3333333333333333,0.3333333333333333,0.3333333333333333,0.3333333333333333,0.3333333333333333,0,1,1.0,1.0,53920.083333333336
luna-low,fixed_k2,fixed,12,12,1.0,0.25,0.25,0.25,0.25,0.25,0,2,2.0,2.0,115293.25
luna-low,fixed_k3,fixed,12,12,1.0,0.16666666666666666,0.16666666666666666,0.16666666666666666,0.16666666666666666,0.16666666666666666,0,2,3.0,3.0,181408.5
luna-low,fixed_k4,fixed,12,12,1.0,0.08333333333333333,0.08333333333333333,0.08333333333333333,0.08333333333333333,0.08333333333333333,0,2,4.0,4.0,246192.08333333334
luna-low,fixed_k5,fixed,12,12,0.0,0.0,0.0,,0.0,0.0,0,2,5.0,5.0,312005.1666666667
luna-low,default_any_of_3@window2,sensitivity,12,12,1.0,0.25,0.25,0.25,0.25,0.25,0,2,2.0,2.9166666666666665,157103.16666666666
luna-low,grade_stable_only@window2,sensitivity,12,12,1.0,0.25,0.25,0.25,0.25,0.25,0,2,2.0,2.9166666666666665,157103.16666666666
luna-low,no_critical_high_only@window2,sensitivity,12,12,0.0,0.0,0.0,,0.0,0.0,0,2,5.0,6.0,359992.1666666667
luna-low,output_similar_only@window2,sensitivity,12,12,0.0,0.0,0.0,,0.0,0.0,0,2,5.0,6.0,359992.1666666667
luna-low,all_of_3@window2,sensitivity,12,12,0.0,0.0,0.0,,0.0,0.0,0,2,5.0,6.0,359992.1666666667
luna-low,noCH_and_(grade_stable_or_similar)@window2,sensitivity,12,12,0.0,0.0,0.0,,0.0,0.0,0,2,5.0,6.0,359992.1666666667
luna-low,noCH_and_(grade_stable_or_similar)+gate@window2,sensitivity,12,12,0.0,0.0,0.0,,0.0,0.0,0,2,5.0,6.0,359992.1666666667
luna-low,output_similar_only@sim0.8,sensitivity,12,12,0.0,0.0,0.0,,0.0,0.0,0,2,5.0,6.0,359992.1666666667
luna-low,output_similar_only@sim0.95,sensitivity,12,12,0.0,0.0,0.0,,0.0,0.0,0,2,5.0,6.0,359992.1666666667
